--
-- PostgreSQL database dump
--

-- Dumped from database version 17.0 (Debian 17.0-1.pgdg120+1)
-- Dumped by pg_dump version 17.0 (Debian 17.0-1.pgdg120+1)

SET statement_timeout = 0;
SET lock_timeout = 0;
SET idle_in_transaction_session_timeout = 0;
SET transaction_timeout = 0;
SET client_encoding = 'UTF8';
SET standard_conforming_strings = on;
SELECT pg_catalog.set_config('search_path', '', false);
SET check_function_bodies = false;
SET xmloption = content;
SET client_min_messages = warning;
SET row_security = off;

SET default_tablespace = '';

SET default_table_access_method = heap;

--
-- Name: auth_group; Type: TABLE; Schema: public; Owner: atakan_user
--

CREATE TABLE public.auth_group (
    id integer NOT NULL,
    name character varying(150) NOT NULL
);


ALTER TABLE public.auth_group OWNER TO atakan_user;

--
-- Name: auth_group_id_seq; Type: SEQUENCE; Schema: public; Owner: atakan_user
--

ALTER TABLE public.auth_group ALTER COLUMN id ADD GENERATED BY DEFAULT AS IDENTITY (
    SEQUENCE NAME public.auth_group_id_seq
    START WITH 1
    INCREMENT BY 1
    NO MINVALUE
    NO MAXVALUE
    CACHE 1
);


--
-- Name: auth_group_permissions; Type: TABLE; Schema: public; Owner: atakan_user
--

CREATE TABLE public.auth_group_permissions (
    id bigint NOT NULL,
    group_id integer NOT NULL,
    permission_id integer NOT NULL
);


ALTER TABLE public.auth_group_permissions OWNER TO atakan_user;

--
-- Name: auth_group_permissions_id_seq; Type: SEQUENCE; Schema: public; Owner: atakan_user
--

ALTER TABLE public.auth_group_permissions ALTER COLUMN id ADD GENERATED BY DEFAULT AS IDENTITY (
    SEQUENCE NAME public.auth_group_permissions_id_seq
    START WITH 1
    INCREMENT BY 1
    NO MINVALUE
    NO MAXVALUE
    CACHE 1
);


--
-- Name: auth_permission; Type: TABLE; Schema: public; Owner: atakan_user
--

CREATE TABLE public.auth_permission (
    id integer NOT NULL,
    name character varying(255) NOT NULL,
    content_type_id integer NOT NULL,
    codename character varying(100) NOT NULL
);


ALTER TABLE public.auth_permission OWNER TO atakan_user;

--
-- Name: auth_permission_id_seq; Type: SEQUENCE; Schema: public; Owner: atakan_user
--

ALTER TABLE public.auth_permission ALTER COLUMN id ADD GENERATED BY DEFAULT AS IDENTITY (
    SEQUENCE NAME public.auth_permission_id_seq
    START WITH 1
    INCREMENT BY 1
    NO MINVALUE
    NO MAXVALUE
    CACHE 1
);


--
-- Name: auth_user; Type: TABLE; Schema: public; Owner: atakan_user
--

CREATE TABLE public.auth_user (
    id integer NOT NULL,
    password character varying(128) NOT NULL,
    last_login timestamp with time zone,
    is_superuser boolean NOT NULL,
    username character varying(150) NOT NULL,
    first_name character varying(150) NOT NULL,
    last_name character varying(150) NOT NULL,
    email character varying(254) NOT NULL,
    is_staff boolean NOT NULL,
    is_active boolean NOT NULL,
    date_joined timestamp with time zone NOT NULL
);


ALTER TABLE public.auth_user OWNER TO atakan_user;

--
-- Name: auth_user_groups; Type: TABLE; Schema: public; Owner: atakan_user
--

CREATE TABLE public.auth_user_groups (
    id bigint NOT NULL,
    user_id integer NOT NULL,
    group_id integer NOT NULL
);


ALTER TABLE public.auth_user_groups OWNER TO atakan_user;

--
-- Name: auth_user_groups_id_seq; Type: SEQUENCE; Schema: public; Owner: atakan_user
--

ALTER TABLE public.auth_user_groups ALTER COLUMN id ADD GENERATED BY DEFAULT AS IDENTITY (
    SEQUENCE NAME public.auth_user_groups_id_seq
    START WITH 1
    INCREMENT BY 1
    NO MINVALUE
    NO MAXVALUE
    CACHE 1
);


--
-- Name: auth_user_id_seq; Type: SEQUENCE; Schema: public; Owner: atakan_user
--

ALTER TABLE public.auth_user ALTER COLUMN id ADD GENERATED BY DEFAULT AS IDENTITY (
    SEQUENCE NAME public.auth_user_id_seq
    START WITH 1
    INCREMENT BY 1
    NO MINVALUE
    NO MAXVALUE
    CACHE 1
);


--
-- Name: auth_user_user_permissions; Type: TABLE; Schema: public; Owner: atakan_user
--

CREATE TABLE public.auth_user_user_permissions (
    id bigint NOT NULL,
    user_id integer NOT NULL,
    permission_id integer NOT NULL
);


ALTER TABLE public.auth_user_user_permissions OWNER TO atakan_user;

--
-- Name: auth_user_user_permissions_id_seq; Type: SEQUENCE; Schema: public; Owner: atakan_user
--

ALTER TABLE public.auth_user_user_permissions ALTER COLUMN id ADD GENERATED BY DEFAULT AS IDENTITY (
    SEQUENCE NAME public.auth_user_user_permissions_id_seq
    START WITH 1
    INCREMENT BY 1
    NO MINVALUE
    NO MAXVALUE
    CACHE 1
);


--
-- Name: contact_message; Type: TABLE; Schema: public; Owner: atakan_user
--

CREATE TABLE public.contact_message (
    id bigint NOT NULL,
    updated_date timestamp with time zone NOT NULL,
    created_date timestamp with time zone NOT NULL,
    name character varying(254) NOT NULL,
    email character varying(254) NOT NULL,
    subject character varying(254) NOT NULL,
    message text NOT NULL
);


ALTER TABLE public.contact_message OWNER TO atakan_user;

--
-- Name: contact_message_id_seq; Type: SEQUENCE; Schema: public; Owner: atakan_user
--

ALTER TABLE public.contact_message ALTER COLUMN id ADD GENERATED BY DEFAULT AS IDENTITY (
    SEQUENCE NAME public.contact_message_id_seq
    START WITH 1
    INCREMENT BY 1
    NO MINVALUE
    NO MAXVALUE
    CACHE 1
);


--
-- Name: core_document; Type: TABLE; Schema: public; Owner: atakan_user
--

CREATE TABLE public.core_document (
    id bigint NOT NULL,
    updated_date timestamp with time zone NOT NULL,
    created_date timestamp with time zone NOT NULL,
    "order" integer NOT NULL,
    slug character varying(254) NOT NULL,
    button_text character varying(254) NOT NULL,
    file character varying(100) NOT NULL
);


ALTER TABLE public.core_document OWNER TO atakan_user;

--
-- Name: core_document_id_seq; Type: SEQUENCE; Schema: public; Owner: atakan_user
--

ALTER TABLE public.core_document ALTER COLUMN id ADD GENERATED BY DEFAULT AS IDENTITY (
    SEQUENCE NAME public.core_document_id_seq
    START WITH 1
    INCREMENT BY 1
    NO MINVALUE
    NO MAXVALUE
    CACHE 1
);


--
-- Name: core_education; Type: TABLE; Schema: public; Owner: atakan_user
--

CREATE TABLE public.core_education (
    id bigint NOT NULL,
    updated_date timestamp with time zone NOT NULL,
    created_date timestamp with time zone NOT NULL,
    school_name character varying(254) NOT NULL,
    major character varying(254) NOT NULL,
    department character varying(254) NOT NULL,
    start_date date NOT NULL,
    end_date date
);


ALTER TABLE public.core_education OWNER TO atakan_user;

--
-- Name: core_education_id_seq; Type: SEQUENCE; Schema: public; Owner: atakan_user
--

ALTER TABLE public.core_education ALTER COLUMN id ADD GENERATED BY DEFAULT AS IDENTITY (
    SEQUENCE NAME public.core_education_id_seq
    START WITH 1
    INCREMENT BY 1
    NO MINVALUE
    NO MAXVALUE
    CACHE 1
);


--
-- Name: core_experience; Type: TABLE; Schema: public; Owner: atakan_user
--

CREATE TABLE public.core_experience (
    id bigint NOT NULL,
    updated_date timestamp with time zone NOT NULL,
    created_date timestamp with time zone NOT NULL,
    company_name character varying(254) NOT NULL,
    job_title character varying(254) NOT NULL,
    job_location character varying(254) NOT NULL,
    start_date date NOT NULL,
    end_date date
);


ALTER TABLE public.core_experience OWNER TO atakan_user;

--
-- Name: core_experience_id_seq; Type: SEQUENCE; Schema: public; Owner: atakan_user
--

ALTER TABLE public.core_experience ALTER COLUMN id ADD GENERATED BY DEFAULT AS IDENTITY (
    SEQUENCE NAME public.core_experience_id_seq
    START WITH 1
    INCREMENT BY 1
    NO MINVALUE
    NO MAXVALUE
    CACHE 1
);


--
-- Name: core_generalsetting; Type: TABLE; Schema: public; Owner: atakan_user
--

CREATE TABLE public.core_generalsetting (
    id bigint NOT NULL,
    name character varying(254) NOT NULL,
    description character varying(254) NOT NULL,
    parameter character varying(1000) NOT NULL,
    updated_date timestamp with time zone NOT NULL,
    created_date timestamp with time zone NOT NULL
);


ALTER TABLE public.core_generalsetting OWNER TO atakan_user;

--
-- Name: core_generalsettings_id_seq; Type: SEQUENCE; Schema: public; Owner: atakan_user
--

ALTER TABLE public.core_generalsetting ALTER COLUMN id ADD GENERATED BY DEFAULT AS IDENTITY (
    SEQUENCE NAME public.core_generalsettings_id_seq
    START WITH 1
    INCREMENT BY 1
    NO MINVALUE
    NO MAXVALUE
    CACHE 1
);


--
-- Name: core_imagesetting; Type: TABLE; Schema: public; Owner: atakan_user
--

CREATE TABLE public.core_imagesetting (
    id bigint NOT NULL,
    name character varying(254) NOT NULL,
    description character varying(254) NOT NULL,
    file character varying(100) NOT NULL,
    created_date timestamp with time zone NOT NULL,
    updated_date timestamp with time zone NOT NULL
);


ALTER TABLE public.core_imagesetting OWNER TO atakan_user;

--
-- Name: core_imagesetting_id_seq; Type: SEQUENCE; Schema: public; Owner: atakan_user
--

ALTER TABLE public.core_imagesetting ALTER COLUMN id ADD GENERATED BY DEFAULT AS IDENTITY (
    SEQUENCE NAME public.core_imagesetting_id_seq
    START WITH 1
    INCREMENT BY 1
    NO MINVALUE
    NO MAXVALUE
    CACHE 1
);


--
-- Name: core_skill; Type: TABLE; Schema: public; Owner: atakan_user
--

CREATE TABLE public.core_skill (
    id bigint NOT NULL,
    updated_date timestamp with time zone NOT NULL,
    created_date timestamp with time zone NOT NULL,
    "order" integer NOT NULL,
    name character varying(254) NOT NULL,
    percentage integer NOT NULL
);


ALTER TABLE public.core_skill OWNER TO atakan_user;

--
-- Name: core_skill_id_seq; Type: SEQUENCE; Schema: public; Owner: atakan_user
--

ALTER TABLE public.core_skill ALTER COLUMN id ADD GENERATED BY DEFAULT AS IDENTITY (
    SEQUENCE NAME public.core_skill_id_seq
    START WITH 1
    INCREMENT BY 1
    NO MINVALUE
    NO MAXVALUE
    CACHE 1
);


--
-- Name: core_socialmedia; Type: TABLE; Schema: public; Owner: atakan_user
--

CREATE TABLE public.core_socialmedia (
    id bigint NOT NULL,
    updated_date timestamp with time zone NOT NULL,
    created_date timestamp with time zone NOT NULL,
    "order" integer NOT NULL,
    link character varying(254) NOT NULL,
    icon character varying(254) NOT NULL
);


ALTER TABLE public.core_socialmedia OWNER TO atakan_user;

--
-- Name: core_socialmedia_id_seq; Type: SEQUENCE; Schema: public; Owner: atakan_user
--

ALTER TABLE public.core_socialmedia ALTER COLUMN id ADD GENERATED BY DEFAULT AS IDENTITY (
    SEQUENCE NAME public.core_socialmedia_id_seq
    START WITH 1
    INCREMENT BY 1
    NO MINVALUE
    NO MAXVALUE
    CACHE 1
);


--
-- Name: django_admin_log; Type: TABLE; Schema: public; Owner: atakan_user
--

CREATE TABLE public.django_admin_log (
    id integer NOT NULL,
    action_time timestamp with time zone NOT NULL,
    object_id text,
    object_repr character varying(200) NOT NULL,
    action_flag smallint NOT NULL,
    change_message text NOT NULL,
    content_type_id integer,
    user_id integer NOT NULL,
    CONSTRAINT django_admin_log_action_flag_check CHECK ((action_flag >= 0))
);


ALTER TABLE public.django_admin_log OWNER TO atakan_user;

--
-- Name: django_admin_log_id_seq; Type: SEQUENCE; Schema: public; Owner: atakan_user
--

ALTER TABLE public.django_admin_log ALTER COLUMN id ADD GENERATED BY DEFAULT AS IDENTITY (
    SEQUENCE NAME public.django_admin_log_id_seq
    START WITH 1
    INCREMENT BY 1
    NO MINVALUE
    NO MAXVALUE
    CACHE 1
);


--
-- Name: django_content_type; Type: TABLE; Schema: public; Owner: atakan_user
--

CREATE TABLE public.django_content_type (
    id integer NOT NULL,
    app_label character varying(100) NOT NULL,
    model character varying(100) NOT NULL
);


ALTER TABLE public.django_content_type OWNER TO atakan_user;

--
-- Name: django_content_type_id_seq; Type: SEQUENCE; Schema: public; Owner: atakan_user
--

ALTER TABLE public.django_content_type ALTER COLUMN id ADD GENERATED BY DEFAULT AS IDENTITY (
    SEQUENCE NAME public.django_content_type_id_seq
    START WITH 1
    INCREMENT BY 1
    NO MINVALUE
    NO MAXVALUE
    CACHE 1
);


--
-- Name: django_migrations; Type: TABLE; Schema: public; Owner: atakan_user
--

CREATE TABLE public.django_migrations (
    id bigint NOT NULL,
    app character varying(255) NOT NULL,
    name character varying(255) NOT NULL,
    applied timestamp with time zone NOT NULL
);


ALTER TABLE public.django_migrations OWNER TO atakan_user;

--
-- Name: django_migrations_id_seq; Type: SEQUENCE; Schema: public; Owner: atakan_user
--

ALTER TABLE public.django_migrations ALTER COLUMN id ADD GENERATED BY DEFAULT AS IDENTITY (
    SEQUENCE NAME public.django_migrations_id_seq
    START WITH 1
    INCREMENT BY 1
    NO MINVALUE
    NO MAXVALUE
    CACHE 1
);


--
-- Name: django_session; Type: TABLE; Schema: public; Owner: atakan_user
--

CREATE TABLE public.django_session (
    session_key character varying(40) NOT NULL,
    session_data text NOT NULL,
    expire_date timestamp with time zone NOT NULL
);


ALTER TABLE public.django_session OWNER TO atakan_user;

--
-- Data for Name: auth_group; Type: TABLE DATA; Schema: public; Owner: atakan_user
--

COPY public.auth_group (id, name) FROM stdin;
\.


--
-- Data for Name: auth_group_permissions; Type: TABLE DATA; Schema: public; Owner: atakan_user
--

COPY public.auth_group_permissions (id, group_id, permission_id) FROM stdin;
\.


--
-- Data for Name: auth_permission; Type: TABLE DATA; Schema: public; Owner: atakan_user
--

COPY public.auth_permission (id, name, content_type_id, codename) FROM stdin;
1	Can add log entry	1	add_logentry
2	Can change log entry	1	change_logentry
3	Can delete log entry	1	delete_logentry
4	Can view log entry	1	view_logentry
5	Can add permission	2	add_permission
6	Can change permission	2	change_permission
7	Can delete permission	2	delete_permission
8	Can view permission	2	view_permission
9	Can add group	3	add_group
10	Can change group	3	change_group
11	Can delete group	3	delete_group
12	Can view group	3	view_group
13	Can add user	4	add_user
14	Can change user	4	change_user
15	Can delete user	4	delete_user
16	Can view user	4	view_user
17	Can add content type	5	add_contenttype
18	Can change content type	5	change_contenttype
19	Can delete content type	5	delete_contenttype
20	Can view content type	5	view_contenttype
21	Can add session	6	add_session
22	Can change session	6	change_session
23	Can delete session	6	delete_session
24	Can view session	6	view_session
25	Can add General Setting	7	add_generalsetting
26	Can change General Setting	7	change_generalsetting
27	Can delete General Setting	7	delete_generalsetting
28	Can view General Setting	7	view_generalsetting
29	Can add Image Setting	8	add_imagesetting
30	Can change Image Setting	8	change_imagesetting
31	Can delete Image Setting	8	delete_imagesetting
32	Can view Image Setting	8	view_imagesetting
33	Can add Skill	9	add_skill
34	Can change Skill	9	change_skill
35	Can delete Skill	9	delete_skill
36	Can view Skill	9	view_skill
37	Can add Experience	10	add_experience
38	Can change Experience	10	change_experience
39	Can delete Experience	10	delete_experience
40	Can view Experience	10	view_experience
41	Can add Education	11	add_education
42	Can change Education	11	change_education
43	Can delete Education	11	delete_education
44	Can view Education	11	view_education
45	Can add Social Media	12	add_socialmedia
46	Can change Social Media	12	change_socialmedia
47	Can delete Social Media	12	delete_socialmedia
48	Can view Social Media	12	view_socialmedia
49	Can add Document	13	add_document
50	Can change Document	13	change_document
51	Can delete Document	13	delete_document
52	Can view Document	13	view_document
53	Can add Message	14	add_message
54	Can change Message	14	change_message
55	Can delete Message	14	delete_message
56	Can view Message	14	view_message
\.


--
-- Data for Name: auth_user; Type: TABLE DATA; Schema: public; Owner: atakan_user
--

COPY public.auth_user (id, password, last_login, is_superuser, username, first_name, last_name, email, is_staff, is_active, date_joined) FROM stdin;
2	pbkdf2_sha256$870000$2QN4kTOU2koW4NrOVZ6ajl$IUBKqgHaCfGD7o6clquRpZedN6CZIJs1FGSDVoBIBJM=	2024-12-02 11:57:57.751259+00	t	admin				t	t	2024-11-26 16:06:31+00
\.


--
-- Data for Name: auth_user_groups; Type: TABLE DATA; Schema: public; Owner: atakan_user
--

COPY public.auth_user_groups (id, user_id, group_id) FROM stdin;
\.


--
-- Data for Name: auth_user_user_permissions; Type: TABLE DATA; Schema: public; Owner: atakan_user
--

COPY public.auth_user_user_permissions (id, user_id, permission_id) FROM stdin;
\.


--
-- Data for Name: contact_message; Type: TABLE DATA; Schema: public; Owner: atakan_user
--

COPY public.contact_message (id, updated_date, created_date, name, email, subject, message) FROM stdin;
\.


--
-- Data for Name: core_document; Type: TABLE DATA; Schema: public; Owner: atakan_user
--

COPY public.core_document (id, updated_date, created_date, "order", slug, button_text, file) FROM stdin;
1	2024-11-11 21:54:37.926614+00	2024-11-11 21:54:37.926627+00	10	cv_tr	Download TR	documents/cvAtakanÇalıkoğlu_2.pdf
\.


--
-- Data for Name: core_education; Type: TABLE DATA; Schema: public; Owner: atakan_user
--

COPY public.core_education (id, updated_date, created_date, school_name, major, department, start_date, end_date) FROM stdin;
2	2024-11-25 16:56:47.206686+00	2024-11-11 21:52:32.186925+00	Kocaeli Üniversitesi	Bilişim Sistemleri Mühendisliği	Teknoloji Fakültesi	2021-09-25	\N
\.


--
-- Data for Name: core_experience; Type: TABLE DATA; Schema: public; Owner: atakan_user
--

COPY public.core_experience (id, updated_date, created_date, company_name, job_title, job_location, start_date, end_date) FROM stdin;
4	2024-11-26 16:14:16.007267+00	2024-11-26 16:12:28.044797+00	Mostpro Teknoloji	Stajyer	Kocaeli/Turkey	2023-08-02	2023-09-10
3	2024-11-26 16:14:16.011823+00	2024-11-25 16:57:26.261661+00	Entegres Bilişm Teknolojileri	Stajyer	Ataşehir/İstanbul	2024-07-02	2024-08-19
\.


--
-- Data for Name: core_generalsetting; Type: TABLE DATA; Schema: public; Owner: atakan_user
--

COPY public.core_generalsetting (id, name, description, parameter, updated_date, created_date) FROM stdin;
7	about_myself_footer		Do you want to be even more successful?	2024-11-11 21:41:06.534379+00	2024-11-11 21:41:06.534398+00
8	about_myself_footer		Do you want to be even more successful?	2024-11-11 21:41:06.552996+00	2024-11-11 21:41:06.55301+00
5	home_banner_title		Junior Software Engineer	2024-11-25 16:58:24.520411+00	2024-11-11 21:40:10.824067+00
2	site_keywords		cloud,engineer	2024-11-25 16:58:24.522288+00	2024-11-11 21:37:49.314052+00
6	home_banner_description		Hi , I am Arda ÜNSALAN. Working on Cloud.	2024-11-25 17:05:55.694711+00	2024-11-11 21:40:23.155608+00
1	site_title	This is title of entire website	Arda ÜNSALAN	2024-11-25 17:05:55.698177+00	2024-11-11 21:37:17.097251+00
3	site_description		This is page of Arda ÜNSALAN	2024-11-26 15:30:55.531555+00	2024-11-11 21:38:13.595092+00
4	home_banner_name		Arda ÜNSALAN	2024-11-26 15:31:15.578353+00	2024-11-11 21:39:59.133382+00
9	about_myself_welcome		Ben Kocaeli Üniversitesi Bilişim Sistemleri Mühendisliği 4. sınıf öğrencisiyim. Web teknolojileri üzerine yoğunlaşmış durumdayım ve bu alanda kendimi geliştirmeye devam ediyorum. Özellikle Django ve Python ile uygulama geliştirme konusunda deneyim sahibiyim.  Ayrıca, yazılım projelerinde modern teknolojileri kullanarak verimliliği artırmayı hedefliyorum. Docker, Linux ve AWS gibi araçlar ve platformlar üzerinde temel düzeyde bilgi ve tecrübem var. Çözüm odaklı bir yaklaşımla, öğrenmeye açık ve takım çalışmasına uyum sağlayabilen biriyim.  Kariyer hedefim, teknik becerilerimi daha da ileri taşıyarak kaliteli ve kullanıcı odaklı yazılımlar geliştiren bir profesyonel olmak.	2024-11-26 16:43:19.954574+00	2024-11-11 21:41:21.083633+00
\.


--
-- Data for Name: core_imagesetting; Type: TABLE DATA; Schema: public; Owner: atakan_user
--

COPY public.core_imagesetting (id, name, description, file, created_date, updated_date) FROM stdin;
8	home_banner_image		images/arda.jpeg	2024-11-26 15:38:10.582716+00	2024-11-26 15:38:10.582702+00
\.


--
-- Data for Name: core_skill; Type: TABLE DATA; Schema: public; Owner: atakan_user
--

COPY public.core_skill (id, updated_date, created_date, "order", name, percentage) FROM stdin;
1	2024-11-11 21:46:53.08353+00	2024-11-11 21:46:53.083547+00	10	Docker	60
2	2024-11-11 21:47:06.747782+00	2024-11-11 21:47:06.747795+00	20	AWS	70
3	2024-11-11 21:47:18.63625+00	2024-11-11 21:47:18.636264+00	30	Linux	50
4	2024-11-11 21:47:32.76689+00	2024-11-11 21:47:32.766904+00	40	Python	70
6	2024-11-11 21:48:07.694034+00	2024-11-11 21:48:07.69405+00	50	Kubernetes	40
\.


--
-- Data for Name: core_socialmedia; Type: TABLE DATA; Schema: public; Owner: atakan_user
--

COPY public.core_socialmedia (id, updated_date, created_date, "order", link, icon) FROM stdin;
1	2024-11-26 16:10:00.981944+00	2024-11-11 21:53:58.920761+00	10	https://www.linkedin.com/in/arda-unsalan-1837a8223/	<i class="fa fa-linkedin"></i>
\.


--
-- Data for Name: django_admin_log; Type: TABLE DATA; Schema: public; Owner: atakan_user
--

COPY public.django_admin_log (id, action_time, object_id, object_repr, action_flag, change_message, content_type_id, user_id) FROM stdin;
69	2024-11-26 16:10:00.98375+00	1	Social Media: https://www.linkedin.com/in/arda-unsalan-1837a8223/	2	[{"changed": {"fields": ["Link"]}}]	12	2
70	2024-11-26 16:11:32.097197+00	3	Experience: Entegres Bilişm Teknolojileri	2	[{"changed": {"fields": ["Company Name", "Job Title", "Start Date", "End Date"]}}]	10	2
71	2024-11-26 16:12:28.046725+00	4	Experience: Mostpro Teknoloji	1	[{"added": {}}]	10	2
72	2024-11-26 16:12:53.931469+00	4	Experience: Mostpro Teknoloji	2	[{"changed": {"fields": ["Job Title", "Job Location"]}}]	10	2
73	2024-11-26 16:12:53.933183+00	3	Experience: Entegres Bilişm Teknolojileri	2	[{"changed": {"fields": ["Job Title"]}}]	10	2
74	2024-11-26 16:14:16.010319+00	4	Experience: Mostpro Teknoloji	2	[{"changed": {"fields": ["Job Location"]}}]	10	2
75	2024-11-26 16:14:16.012583+00	3	Experience: Entegres Bilişm Teknolojileri	2	[{"changed": {"fields": ["Job Location"]}}]	10	2
76	2024-11-26 16:36:30.587781+00	9	General Settings: about_myself_welcome	2	[{"changed": {"fields": ["Parameter"]}}]	7	2
77	2024-11-26 16:38:51.415018+00	9	General Settings: about_myself_welcome	2	[{"changed": {"fields": ["Parameter"]}}]	7	2
78	2024-11-26 16:39:07.176528+00	9	General Settings: about_myself_welcome	2	[{"changed": {"fields": ["Parameter"]}}]	7	2
79	2024-11-26 16:40:05.322366+00	9	General Settings: about_myself_welcome	2	[{"changed": {"fields": ["Description", "Parameter"]}}]	7	2
80	2024-11-26 16:42:49.165025+00	9	General Settings: about_myself_welcome	2	[{"changed": {"fields": ["Description", "Parameter"]}}]	7	2
81	2024-11-26 16:43:19.955846+00	9	General Settings: about_myself_welcome	2	[{"changed": {"fields": ["Parameter"]}}]	7	2
68	2024-11-26 16:08:29.509431+00	1	admincv	3		4	2
\.


--
-- Data for Name: django_content_type; Type: TABLE DATA; Schema: public; Owner: atakan_user
--

COPY public.django_content_type (id, app_label, model) FROM stdin;
1	admin	logentry
2	auth	permission
3	auth	group
4	auth	user
5	contenttypes	contenttype
6	sessions	session
7	core	generalsetting
8	core	imagesetting
9	core	skill
10	core	experience
11	core	education
12	core	socialmedia
13	core	document
14	contact	message
\.


--
-- Data for Name: django_migrations; Type: TABLE DATA; Schema: public; Owner: atakan_user
--

COPY public.django_migrations (id, app, name, applied) FROM stdin;
1	contenttypes	0001_initial	2024-11-11 16:49:28.577965+00
2	auth	0001_initial	2024-11-11 16:49:28.610475+00
3	admin	0001_initial	2024-11-11 16:49:28.6228+00
4	admin	0002_logentry_remove_auto_add	2024-11-11 16:49:28.629256+00
5	admin	0003_logentry_add_action_flag_choices	2024-11-11 16:49:28.635521+00
6	contenttypes	0002_remove_content_type_name	2024-11-11 16:49:28.649295+00
7	auth	0002_alter_permission_name_max_length	2024-11-11 16:49:28.657648+00
8	auth	0003_alter_user_email_max_length	2024-11-11 16:49:28.664923+00
9	auth	0004_alter_user_username_opts	2024-11-11 16:49:28.672559+00
10	auth	0005_alter_user_last_login_null	2024-11-11 16:49:28.679567+00
11	auth	0006_require_contenttypes_0002	2024-11-11 16:49:28.681181+00
12	auth	0007_alter_validators_add_error_messages	2024-11-11 16:49:28.687706+00
13	auth	0008_alter_user_username_max_length	2024-11-11 16:49:28.695666+00
14	auth	0009_alter_user_last_name_max_length	2024-11-11 16:49:28.702522+00
15	auth	0010_alter_group_name_max_length	2024-11-11 16:49:28.710967+00
16	auth	0011_update_proxy_permissions	2024-11-11 16:49:28.718589+00
17	auth	0012_alter_user_first_name_max_length	2024-11-11 16:49:28.72613+00
18	contact	0001_initial	2024-11-11 16:49:28.730411+00
19	core	0001_initial	2024-11-11 16:49:28.734521+00
20	core	0002_rename_generalsettings_generalsetting	2024-11-11 16:49:28.745437+00
21	core	0003_imagesetting_alter_generalsetting_options_and_more	2024-11-11 16:49:28.756029+00
22	core	0004_alter_imagesetting_options_imagesetting_created_date_and_more	2024-11-11 16:49:28.763439+00
23	core	0005_skill	2024-11-11 16:49:28.767256+00
24	core	0006_alter_skill_options	2024-11-11 16:49:28.76999+00
25	core	0007_experience	2024-11-11 16:49:28.774925+00
26	core	0008_education	2024-11-11 16:49:28.779194+00
27	core	0009_socialmedia	2024-11-11 16:49:28.783259+00
28	core	0010_document	2024-11-11 16:49:28.789662+00
29	core	0011_remove_document_name	2024-11-11 16:49:28.792847+00
30	sessions	0001_initial	2024-11-11 16:49:28.798808+00
31	core	0012_alter_generalsetting_parameter	2024-11-26 16:41:44.006409+00
\.


--
-- Data for Name: django_session; Type: TABLE DATA; Schema: public; Owner: atakan_user
--

COPY public.django_session (session_key, session_data, expire_date) FROM stdin;
dzuyyqqzroj7l4gfthvb7edlqk7j1bo0	.eJxVjEEOwiAQRe_C2hBggDEu3XuGZmagUjWQlHbVeHdt0oVu_3vvb2qgdSnD2vM8TEldlFWn341JnrnuID2o3puWVpd5Yr0r-qBd31rKr-vh_h0U6uVbxyh8Ro7BRQS2EKIIOCfGEJDFIKNBATsGJPDRjwDeZQpElhE5G_X-AMQdN1E:1tAc3p:XxpS-qME3IFS4NWylsK0ky_cHjH8xvcrehV7DFNvHmw	2024-11-25 21:35:01.351976+00
c3bimcwd3ymyaztvtuv4za6gupt30tlu	.eJxVjEEOgjAQRe_StWlgajuDS_eegQydqaCmTSisjHcXEha6_e_99zY9r8vYr1XnfhJzMWBOv9vA8al5B_LgfC82lrzM02B3xR602lsRfV0P9y8wch23N_okScCl1rEweGha9TGETigpNRQI2g6ZCROKEnpyg8LWd4IundF8vu2uOB4:1tI53t:UnaBJVB9zGvtY6i7nCM3PnPdTSaRm91jSpJxqhgCsQw	2024-12-16 11:57:57.753772+00
\.


--
-- Name: auth_group_id_seq; Type: SEQUENCE SET; Schema: public; Owner: atakan_user
--

SELECT pg_catalog.setval('public.auth_group_id_seq', 1, false);


--
-- Name: auth_group_permissions_id_seq; Type: SEQUENCE SET; Schema: public; Owner: atakan_user
--

SELECT pg_catalog.setval('public.auth_group_permissions_id_seq', 1, false);


--
-- Name: auth_permission_id_seq; Type: SEQUENCE SET; Schema: public; Owner: atakan_user
--

SELECT pg_catalog.setval('public.auth_permission_id_seq', 56, true);


--
-- Name: auth_user_groups_id_seq; Type: SEQUENCE SET; Schema: public; Owner: atakan_user
--

SELECT pg_catalog.setval('public.auth_user_groups_id_seq', 1, false);


--
-- Name: auth_user_id_seq; Type: SEQUENCE SET; Schema: public; Owner: atakan_user
--

SELECT pg_catalog.setval('public.auth_user_id_seq', 2, true);


--
-- Name: auth_user_user_permissions_id_seq; Type: SEQUENCE SET; Schema: public; Owner: atakan_user
--

SELECT pg_catalog.setval('public.auth_user_user_permissions_id_seq', 1, false);


--
-- Name: contact_message_id_seq; Type: SEQUENCE SET; Schema: public; Owner: atakan_user
--

SELECT pg_catalog.setval('public.contact_message_id_seq', 1, true);


--
-- Name: core_document_id_seq; Type: SEQUENCE SET; Schema: public; Owner: atakan_user
--

SELECT pg_catalog.setval('public.core_document_id_seq', 1, true);


--
-- Name: core_education_id_seq; Type: SEQUENCE SET; Schema: public; Owner: atakan_user
--

SELECT pg_catalog.setval('public.core_education_id_seq', 2, true);


--
-- Name: core_experience_id_seq; Type: SEQUENCE SET; Schema: public; Owner: atakan_user
--

SELECT pg_catalog.setval('public.core_experience_id_seq', 4, true);


--
-- Name: core_generalsettings_id_seq; Type: SEQUENCE SET; Schema: public; Owner: atakan_user
--

SELECT pg_catalog.setval('public.core_generalsettings_id_seq', 9, true);


--
-- Name: core_imagesetting_id_seq; Type: SEQUENCE SET; Schema: public; Owner: atakan_user
--

SELECT pg_catalog.setval('public.core_imagesetting_id_seq', 9, true);


--
-- Name: core_skill_id_seq; Type: SEQUENCE SET; Schema: public; Owner: atakan_user
--

SELECT pg_catalog.setval('public.core_skill_id_seq', 6, true);


--
-- Name: core_socialmedia_id_seq; Type: SEQUENCE SET; Schema: public; Owner: atakan_user
--

SELECT pg_catalog.setval('public.core_socialmedia_id_seq', 1, true);


--
-- Name: django_admin_log_id_seq; Type: SEQUENCE SET; Schema: public; Owner: atakan_user
--

SELECT pg_catalog.setval('public.django_admin_log_id_seq', 81, true);


--
-- Name: django_content_type_id_seq; Type: SEQUENCE SET; Schema: public; Owner: atakan_user
--

SELECT pg_catalog.setval('public.django_content_type_id_seq', 14, true);


--
-- Name: django_migrations_id_seq; Type: SEQUENCE SET; Schema: public; Owner: atakan_user
--

SELECT pg_catalog.setval('public.django_migrations_id_seq', 31, true);


--
-- Name: auth_group auth_group_name_key; Type: CONSTRAINT; Schema: public; Owner: atakan_user
--

ALTER TABLE ONLY public.auth_group
    ADD CONSTRAINT auth_group_name_key UNIQUE (name);


--
-- Name: auth_group_permissions auth_group_permissions_group_id_permission_id_0cd325b0_uniq; Type: CONSTRAINT; Schema: public; Owner: atakan_user
--

ALTER TABLE ONLY public.auth_group_permissions
    ADD CONSTRAINT auth_group_permissions_group_id_permission_id_0cd325b0_uniq UNIQUE (group_id, permission_id);


--
-- Name: auth_group_permissions auth_group_permissions_pkey; Type: CONSTRAINT; Schema: public; Owner: atakan_user
--

ALTER TABLE ONLY public.auth_group_permissions
    ADD CONSTRAINT auth_group_permissions_pkey PRIMARY KEY (id);


--
-- Name: auth_group auth_group_pkey; Type: CONSTRAINT; Schema: public; Owner: atakan_user
--

ALTER TABLE ONLY public.auth_group
    ADD CONSTRAINT auth_group_pkey PRIMARY KEY (id);


--
-- Name: auth_permission auth_permission_content_type_id_codename_01ab375a_uniq; Type: CONSTRAINT; Schema: public; Owner: atakan_user
--

ALTER TABLE ONLY public.auth_permission
    ADD CONSTRAINT auth_permission_content_type_id_codename_01ab375a_uniq UNIQUE (content_type_id, codename);


--
-- Name: auth_permission auth_permission_pkey; Type: CONSTRAINT; Schema: public; Owner: atakan_user
--

ALTER TABLE ONLY public.auth_permission
    ADD CONSTRAINT auth_permission_pkey PRIMARY KEY (id);


--
-- Name: auth_user_groups auth_user_groups_pkey; Type: CONSTRAINT; Schema: public; Owner: atakan_user
--

ALTER TABLE ONLY public.auth_user_groups
    ADD CONSTRAINT auth_user_groups_pkey PRIMARY KEY (id);


--
-- Name: auth_user_groups auth_user_groups_user_id_group_id_94350c0c_uniq; Type: CONSTRAINT; Schema: public; Owner: atakan_user
--

ALTER TABLE ONLY public.auth_user_groups
    ADD CONSTRAINT auth_user_groups_user_id_group_id_94350c0c_uniq UNIQUE (user_id, group_id);


--
-- Name: auth_user auth_user_pkey; Type: CONSTRAINT; Schema: public; Owner: atakan_user
--

ALTER TABLE ONLY public.auth_user
    ADD CONSTRAINT auth_user_pkey PRIMARY KEY (id);


--
-- Name: auth_user_user_permissions auth_user_user_permissions_pkey; Type: CONSTRAINT; Schema: public; Owner: atakan_user
--

ALTER TABLE ONLY public.auth_user_user_permissions
    ADD CONSTRAINT auth_user_user_permissions_pkey PRIMARY KEY (id);


--
-- Name: auth_user_user_permissions auth_user_user_permissions_user_id_permission_id_14a6b632_uniq; Type: CONSTRAINT; Schema: public; Owner: atakan_user
--

ALTER TABLE ONLY public.auth_user_user_permissions
    ADD CONSTRAINT auth_user_user_permissions_user_id_permission_id_14a6b632_uniq UNIQUE (user_id, permission_id);


--
-- Name: auth_user auth_user_username_key; Type: CONSTRAINT; Schema: public; Owner: atakan_user
--

ALTER TABLE ONLY public.auth_user
    ADD CONSTRAINT auth_user_username_key UNIQUE (username);


--
-- Name: contact_message contact_message_pkey; Type: CONSTRAINT; Schema: public; Owner: atakan_user
--

ALTER TABLE ONLY public.contact_message
    ADD CONSTRAINT contact_message_pkey PRIMARY KEY (id);


--
-- Name: core_document core_document_pkey; Type: CONSTRAINT; Schema: public; Owner: atakan_user
--

ALTER TABLE ONLY public.core_document
    ADD CONSTRAINT core_document_pkey PRIMARY KEY (id);


--
-- Name: core_education core_education_pkey; Type: CONSTRAINT; Schema: public; Owner: atakan_user
--

ALTER TABLE ONLY public.core_education
    ADD CONSTRAINT core_education_pkey PRIMARY KEY (id);


--
-- Name: core_experience core_experience_pkey; Type: CONSTRAINT; Schema: public; Owner: atakan_user
--

ALTER TABLE ONLY public.core_experience
    ADD CONSTRAINT core_experience_pkey PRIMARY KEY (id);


--
-- Name: core_generalsetting core_generalsettings_pkey; Type: CONSTRAINT; Schema: public; Owner: atakan_user
--

ALTER TABLE ONLY public.core_generalsetting
    ADD CONSTRAINT core_generalsettings_pkey PRIMARY KEY (id);


--
-- Name: core_imagesetting core_imagesetting_pkey; Type: CONSTRAINT; Schema: public; Owner: atakan_user
--

ALTER TABLE ONLY public.core_imagesetting
    ADD CONSTRAINT core_imagesetting_pkey PRIMARY KEY (id);


--
-- Name: core_skill core_skill_pkey; Type: CONSTRAINT; Schema: public; Owner: atakan_user
--

ALTER TABLE ONLY public.core_skill
    ADD CONSTRAINT core_skill_pkey PRIMARY KEY (id);


--
-- Name: core_socialmedia core_socialmedia_pkey; Type: CONSTRAINT; Schema: public; Owner: atakan_user
--

ALTER TABLE ONLY public.core_socialmedia
    ADD CONSTRAINT core_socialmedia_pkey PRIMARY KEY (id);


--
-- Name: django_admin_log django_admin_log_pkey; Type: CONSTRAINT; Schema: public; Owner: atakan_user
--

ALTER TABLE ONLY public.django_admin_log
    ADD CONSTRAINT django_admin_log_pkey PRIMARY KEY (id);


--
-- Name: django_content_type django_content_type_app_label_model_76bd3d3b_uniq; Type: CONSTRAINT; Schema: public; Owner: atakan_user
--

ALTER TABLE ONLY public.django_content_type
    ADD CONSTRAINT django_content_type_app_label_model_76bd3d3b_uniq UNIQUE (app_label, model);


--
-- Name: django_content_type django_content_type_pkey; Type: CONSTRAINT; Schema: public; Owner: atakan_user
--

ALTER TABLE ONLY public.django_content_type
    ADD CONSTRAINT django_content_type_pkey PRIMARY KEY (id);


--
-- Name: django_migrations django_migrations_pkey; Type: CONSTRAINT; Schema: public; Owner: atakan_user
--

ALTER TABLE ONLY public.django_migrations
    ADD CONSTRAINT django_migrations_pkey PRIMARY KEY (id);


--
-- Name: django_session django_session_pkey; Type: CONSTRAINT; Schema: public; Owner: atakan_user
--

ALTER TABLE ONLY public.django_session
    ADD CONSTRAINT django_session_pkey PRIMARY KEY (session_key);


--
-- Name: auth_group_name_a6ea08ec_like; Type: INDEX; Schema: public; Owner: atakan_user
--

CREATE INDEX auth_group_name_a6ea08ec_like ON public.auth_group USING btree (name varchar_pattern_ops);


--
-- Name: auth_group_permissions_group_id_b120cbf9; Type: INDEX; Schema: public; Owner: atakan_user
--

CREATE INDEX auth_group_permissions_group_id_b120cbf9 ON public.auth_group_permissions USING btree (group_id);


--
-- Name: auth_group_permissions_permission_id_84c5c92e; Type: INDEX; Schema: public; Owner: atakan_user
--

CREATE INDEX auth_group_permissions_permission_id_84c5c92e ON public.auth_group_permissions USING btree (permission_id);


--
-- Name: auth_permission_content_type_id_2f476e4b; Type: INDEX; Schema: public; Owner: atakan_user
--

CREATE INDEX auth_permission_content_type_id_2f476e4b ON public.auth_permission USING btree (content_type_id);


--
-- Name: auth_user_groups_group_id_97559544; Type: INDEX; Schema: public; Owner: atakan_user
--

CREATE INDEX auth_user_groups_group_id_97559544 ON public.auth_user_groups USING btree (group_id);


--
-- Name: auth_user_groups_user_id_6a12ed8b; Type: INDEX; Schema: public; Owner: atakan_user
--

CREATE INDEX auth_user_groups_user_id_6a12ed8b ON public.auth_user_groups USING btree (user_id);


--
-- Name: auth_user_user_permissions_permission_id_1fbb5f2c; Type: INDEX; Schema: public; Owner: atakan_user
--

CREATE INDEX auth_user_user_permissions_permission_id_1fbb5f2c ON public.auth_user_user_permissions USING btree (permission_id);


--
-- Name: auth_user_user_permissions_user_id_a95ead1b; Type: INDEX; Schema: public; Owner: atakan_user
--

CREATE INDEX auth_user_user_permissions_user_id_a95ead1b ON public.auth_user_user_permissions USING btree (user_id);


--
-- Name: auth_user_username_6821ab7c_like; Type: INDEX; Schema: public; Owner: atakan_user
--

CREATE INDEX auth_user_username_6821ab7c_like ON public.auth_user USING btree (username varchar_pattern_ops);


--
-- Name: core_document_slug_9ffd5a20; Type: INDEX; Schema: public; Owner: atakan_user
--

CREATE INDEX core_document_slug_9ffd5a20 ON public.core_document USING btree (slug);


--
-- Name: core_document_slug_9ffd5a20_like; Type: INDEX; Schema: public; Owner: atakan_user
--

CREATE INDEX core_document_slug_9ffd5a20_like ON public.core_document USING btree (slug varchar_pattern_ops);


--
-- Name: django_admin_log_content_type_id_c4bce8eb; Type: INDEX; Schema: public; Owner: atakan_user
--

CREATE INDEX django_admin_log_content_type_id_c4bce8eb ON public.django_admin_log USING btree (content_type_id);


--
-- Name: django_admin_log_user_id_c564eba6; Type: INDEX; Schema: public; Owner: atakan_user
--

CREATE INDEX django_admin_log_user_id_c564eba6 ON public.django_admin_log USING btree (user_id);


--
-- Name: django_session_expire_date_a5c62663; Type: INDEX; Schema: public; Owner: atakan_user
--

CREATE INDEX django_session_expire_date_a5c62663 ON public.django_session USING btree (expire_date);


--
-- Name: django_session_session_key_c0390e0f_like; Type: INDEX; Schema: public; Owner: atakan_user
--

CREATE INDEX django_session_session_key_c0390e0f_like ON public.django_session USING btree (session_key varchar_pattern_ops);


--
-- Name: auth_group_permissions auth_group_permissio_permission_id_84c5c92e_fk_auth_perm; Type: FK CONSTRAINT; Schema: public; Owner: atakan_user
--

ALTER TABLE ONLY public.auth_group_permissions
    ADD CONSTRAINT auth_group_permissio_permission_id_84c5c92e_fk_auth_perm FOREIGN KEY (permission_id) REFERENCES public.auth_permission(id) DEFERRABLE INITIALLY DEFERRED;


--
-- Name: auth_group_permissions auth_group_permissions_group_id_b120cbf9_fk_auth_group_id; Type: FK CONSTRAINT; Schema: public; Owner: atakan_user
--

ALTER TABLE ONLY public.auth_group_permissions
    ADD CONSTRAINT auth_group_permissions_group_id_b120cbf9_fk_auth_group_id FOREIGN KEY (group_id) REFERENCES public.auth_group(id) DEFERRABLE INITIALLY DEFERRED;


--
-- Name: auth_permission auth_permission_content_type_id_2f476e4b_fk_django_co; Type: FK CONSTRAINT; Schema: public; Owner: atakan_user
--

ALTER TABLE ONLY public.auth_permission
    ADD CONSTRAINT auth_permission_content_type_id_2f476e4b_fk_django_co FOREIGN KEY (content_type_id) REFERENCES public.django_content_type(id) DEFERRABLE INITIALLY DEFERRED;


--
-- Name: auth_user_groups auth_user_groups_group_id_97559544_fk_auth_group_id; Type: FK CONSTRAINT; Schema: public; Owner: atakan_user
--

ALTER TABLE ONLY public.auth_user_groups
    ADD CONSTRAINT auth_user_groups_group_id_97559544_fk_auth_group_id FOREIGN KEY (group_id) REFERENCES public.auth_group(id) DEFERRABLE INITIALLY DEFERRED;


--
-- Name: auth_user_groups auth_user_groups_user_id_6a12ed8b_fk_auth_user_id; Type: FK CONSTRAINT; Schema: public; Owner: atakan_user
--

ALTER TABLE ONLY public.auth_user_groups
    ADD CONSTRAINT auth_user_groups_user_id_6a12ed8b_fk_auth_user_id FOREIGN KEY (user_id) REFERENCES public.auth_user(id) DEFERRABLE INITIALLY DEFERRED;


--
-- Name: auth_user_user_permissions auth_user_user_permi_permission_id_1fbb5f2c_fk_auth_perm; Type: FK CONSTRAINT; Schema: public; Owner: atakan_user
--

ALTER TABLE ONLY public.auth_user_user_permissions
    ADD CONSTRAINT auth_user_user_permi_permission_id_1fbb5f2c_fk_auth_perm FOREIGN KEY (permission_id) REFERENCES public.auth_permission(id) DEFERRABLE INITIALLY DEFERRED;


--
-- Name: auth_user_user_permissions auth_user_user_permissions_user_id_a95ead1b_fk_auth_user_id; Type: FK CONSTRAINT; Schema: public; Owner: atakan_user
--

ALTER TABLE ONLY public.auth_user_user_permissions
    ADD CONSTRAINT auth_user_user_permissions_user_id_a95ead1b_fk_auth_user_id FOREIGN KEY (user_id) REFERENCES public.auth_user(id) DEFERRABLE INITIALLY DEFERRED;


--
-- Name: django_admin_log django_admin_log_content_type_id_c4bce8eb_fk_django_co; Type: FK CONSTRAINT; Schema: public; Owner: atakan_user
--

ALTER TABLE ONLY public.django_admin_log
    ADD CONSTRAINT django_admin_log_content_type_id_c4bce8eb_fk_django_co FOREIGN KEY (content_type_id) REFERENCES public.django_content_type(id) DEFERRABLE INITIALLY DEFERRED;


--
-- Name: django_admin_log django_admin_log_user_id_c564eba6_fk_auth_user_id; Type: FK CONSTRAINT; Schema: public; Owner: atakan_user
--

ALTER TABLE ONLY public.django_admin_log
    ADD CONSTRAINT django_admin_log_user_id_c564eba6_fk_auth_user_id FOREIGN KEY (user_id) REFERENCES public.auth_user(id) DEFERRABLE INITIALLY DEFERRED;


--
-- PostgreSQL database dump complete
--

